date,n1,n2,n3,n4,n5,pb
12/20/25,4,5,28,52,69,20
12/17/25,25,33,53,62,66,17
12/15/25,23,35,59,63,68,2
12/13/25,1,28,31,57,58,16
12/10/25,10,16,29,33,69,22
12/8/25,8,32,52,56,64,23
12/6/25,13,14,26,28,44,7
12/3/25,1,14,20,46,51,26
12/1/25,5,18,26,47,59,1
11/29/25,19,22,30,32,59,1
11/26/25,7,8,15,19,28,3
11/24/25,8,16,26,30,58,14
11/22/25,28,32,36,51,69,2
11/19/25,10,31,49,51,68,19
11/17/25,7,33,50,57,66,23
11/15/25,6,7,12,47,53,21
11/12/25,29,39,43,51,65,23
11/10/25,6,28,44,48,58,23
11/8/25,3,53,60,62,68,11
11/5/25,9,17,29,61,66,26
11/3/25,3,32,40,43,57,18
11/1/25,2,26,43,44,62,22
10/29/25,4,24,49,60,65,1
10/27/25,17,39,43,51,66,20
10/25/25,2,12,22,39,67,15
10/22/25,18,37,52,54,60,12
10/20/25,32,38,66,67,69,19
10/18/25,3,11,27,40,58,10
10/15/25,10,13,28,34,47,15
10/13/25,13,14,32,52,64,12
10/11/25,13,16,18,20,27,10
10/8/25,8,10,44,48,54,14
10/6/25,28,29,32,66,67,3
10/4/25,3,7,47,67,68,2
10/1/25,8,17,22,28,55,14
9/29/25,1,3,27,60,65,16
9/27/25,10,16,32,61,66,4
9/24/25,15,31,45,49,53,19
9/22/25,3,29,42,46,59,15
9/20/25,15,29,64,66,67,4
9/17/25,7,30,50,54,62,20
9/15/25,14,15,32,42,49,1
9/13/25,28,37,42,50,53,19
9/10/25,2,24,45,53,64,5
9/8/25,26,28,41,53,64,9
9/6/25,11,23,44,61,62,17
9/3/25,3,16,29,61,69,22
9/1/25,8,23,25,40,53,5
8/30/25,3,18,22,27,33,17
8/27/25,9,12,22,41,61,25
8/25/25,16,19,34,37,64,22
8/23/25,11,14,34,47,51,18
8/20/25,31,59,62,65,68,5
8/18/25,15,46,61,63,64,1
8/16/25,23,40,49,65,69,23
8/13/25,4,11,40,44,50,4
8/11/25,6,16,33,40,62,2
8/9/25,7,14,23,24,60,14
8/6/25,15,27,43,45,53,9
8/4/25,8,9,19,31,38,21
8/2/25,6,18,34,35,36,2
7/30/25,4,15,35,50,64,8
7/28/25,7,35,36,43,62,3
7/26/25,8,31,57,65,67,23
7/23/25,2,18,19,25,35,25
7/21/25,8,11,28,33,42,2
7/19/25,28,48,51,61,69,20
7/16/25,4,21,43,48,49,22
7/14/25,8,12,45,46,63,24
7/12/25,8,16,24,33,54,18
7/9/25,5,9,25,28,69,5
7/7/25,33,35,58,61,69,25
7/5/25,1,28,34,50,58,8
7/2/25,7,19,21,54,63,21
6/30/25,13,28,44,52,55,6
6/28/25,4,35,43,52,62,12
6/25/25,2,12,37,51,61,22
6/23/25,5,25,42,44,65,20
6/21/25,3,16,32,52,62,24
6/18/25,23,29,50,64,67,11
6/16/25,17,21,23,27,52,19
6/14/25,4,6,9,23,59,25
6/11/25,13,25,29,37,53,3
6/9/25,30,33,40,43,52,25
6/7/25,31,36,43,48,62,25
6/4/25,5,17,23,35,45,24
6/2/25,1,7,44,57,61,21
5/31/25,1,29,37,56,68,13
5/28/25,23,27,32,35,59,11
5/26/25,13,47,52,64,67,25
5/24/25,12,18,28,48,52,5
5/21/25,9,29,31,34,43,2
5/19/25,13,14,37,50,60,11
5/17/25,7,34,40,42,52,15
5/14/25,4,10,24,29,53,4
5/12/25,15,16,41,48,60,21
5/10/25,5,20,28,39,42,13
5/7/25,14,15,30,40,59,20
5/5/25,16,34,40,45,66,19
5/3/25,10,21,23,35,65,24
4/30/25,1,2,3,57,59,9
4/28/25,26,43,51,56,60,24
4/26/25,1,12,14,18,69,2
4/23/25,15,44,63,66,69,20
4/21/25,4,33,45,46,51,25
4/19/25,7,25,37,39,63,1
4/16/25,20,24,42,43,49,19
4/14/25,3,20,30,52,62,1
4/12/25,16,22,44,45,53,19
4/9/25,4,29,37,55,67,10
4/7/25,20,23,48,59,66,4
4/5/25,4,23,30,46,62,2
4/2/25,5,17,41,64,69,1
3/31/25,12,41,44,52,64,25
3/29/25,7,11,21,53,61,2
3/26/25,5,20,29,39,53,6
3/24/25,6,23,35,36,47,12
3/22/25,6,7,25,46,57,12
3/19/25,8,11,21,49,59,15
3/17/25,11,18,23,38,60,9
3/15/25,12,28,33,36,54,5
3/12/25,11,13,28,51,58,1
3/10/25,17,40,47,50,55,6
3/8/25,2,4,16,23,63,13
3/5/25,24,28,40,63,65,20
3/3/25,18,20,50,52,56,20
3/1/25,2,23,36,44,49,25
2/26/25,28,48,55,60,62,20
2/24/25,10,11,34,59,68,14
2/22/25,7,18,22,50,65,15
2/19/25,6,21,28,49,60,20
2/17/25,4,44,47,52,57,9
2/15/25,3,16,45,54,56,12
2/12/25,21,32,36,45,49,18
2/10/25,2,17,18,29,43,3
2/8/25,23,44,57,60,62,9
2/5/25,19,27,30,50,62,14
2/3/25,12,37,47,54,60,17
2/1/25,23,29,32,49,61,8
1/29/25,8,12,31,33,38,18
1/27/25,2,40,47,53,55,20
1/25/25,8,15,17,53,66,14
1/22/25,5,6,27,40,49,5
1/20/25,15,16,32,47,54,6
1/18/25,14,31,35,64,69,23
1/15/25,8,41,52,53,58,7
1/13/25,4,6,16,39,66,9
1/11/25,3,6,32,37,65,4
1/8/25,1,20,36,38,43,24
1/6/25,17,34,46,66,67,14
1/4/25,26,32,43,54,56,24
1/1/25,6,12,28,35,66,26
12/30/24,9,19,33,38,39,1
12/28/24,6,31,51,54,55,12
12/25/24,15,26,27,30,35,3
12/23/24,22,42,44,57,64,18
12/21/24,1,12,17,21,58,1
12/18/24,6,15,18,33,49,7
12/16/24,9,30,33,57,61,17
12/14/24,12,17,23,52,67,1
12/11/24,13,44,50,52,54,20
12/9/24,35,37,40,45,51,24
12/7/24,1,31,43,55,57,22
12/4/24,1,23,25,28,61,13
12/2/24,3,9,26,61,67,13
11/30/24,4,24,29,39,63,25
11/27/24,1,6,7,13,40,5
11/25/24,5,35,45,60,63,12
11/23/24,12,13,34,44,67,8
11/20/24,16,30,60,62,64,25
11/18/24,27,31,41,52,69,26
11/16/24,21,22,25,32,38,16
11/13/24,9,20,26,43,58,9
11/11/24,3,21,24,34,46,9
11/9/24,11,24,50,56,66,16
11/6/24,12,17,37,58,62,4
11/4/24,6,18,33,48,53,21
11/2/24,10,45,48,58,61,2
10/30/24,13,22,29,43,58,22
10/28/24,21,27,32,48,67,17
10/26/24,8,12,40,45,51,15
10/23/24,2,15,27,29,39,20
10/21/24,1,25,57,62,64,15
10/19/24,7,16,19,45,64,25
10/16/24,4,30,39,44,60,11
10/14/24,14,18,33,64,67,14
10/12/24,5,14,20,41,57,6
10/9/24,25,32,43,53,66,10
10/7/24,18,30,31,52,63,22
10/5/24,2,12,46,52,65,3
10/2/24,1,2,21,37,43,21
9/30/24,9,11,30,43,69,20
9/28/24,3,11,13,24,39,22
9/25/24,2,26,45,46,52,21
9/23/24,15,21,25,37,45,19
9/21/24,17,19,21,37,45,14
9/18/24,1,11,22,47,68,7
9/16/24,8,9,11,27,31,17
9/14/24,29,34,38,48,56,16
9/11/24,10,12,55,65,67,3
9/9/24,1,16,21,47,60,5
9/7/24,14,34,37,55,63,20
9/4/24,7,10,21,33,59,20
9/2/24,8,42,46,48,53,22
8/31/24,4,34,35,38,69,19
8/28/24,5,33,47,50,64,20
8/26/24,2,4,23,68,69,15
8/24/24,5,15,21,24,43,17
8/21/24,27,31,33,38,67,3
8/19/24,1,2,15,23,28,10
8/17/24,12,31,43,45,46,22
8/14/24,8,9,23,29,62,13
8/12/24,9,22,57,67,68,14
8/10/24,9,24,33,64,69,9
8/7/24,6,19,35,47,57,9
8/5/24,29,42,44,51,54,12
8/3/24,13,33,40,60,61,20
7/31/24,23,34,37,50,58,7
7/29/24,11,27,30,33,44,16
7/27/24,3,31,37,40,64,17
7/24/24,16,42,59,63,68,13
7/22/24,31,36,56,58,69,20
7/20/24,18,25,31,40,57,4
7/17/24,24,27,32,47,66,26
7/15/24,9,31,39,40,45,23
7/13/24,9,55,59,66,69,21
7/10/24,7,11,12,27,46,26
7/8/24,20,22,31,33,45,1
7/6/24,5,32,35,39,49,21
7/3/24,2,26,33,55,57,22
7/1/24,5,9,32,39,55,9
6/29/24,26,51,54,61,69,25
6/26/24,4,9,36,47,56,7
6/24/24,5,6,36,53,69,8
6/22/24,4,5,15,32,62,21
6/19/24,4,27,44,50,64,7
6/17/24,30,48,53,58,66,9
6/15/24,4,36,48,54,56,2
6/12/24,19,30,31,61,62,21
6/10/24,3,10,33,58,59,9
6/8/24,8,38,52,54,64,15
6/5/24,8,44,45,51,69,12
6/3/24,19,29,35,36,45,16
6/1/24,28,38,52,54,68,8
5/29/24,17,34,56,60,61,9
5/27/24,9,30,39,49,59,21
5/25/24,6,33,35,36,64,24
5/22/24,5,16,18,26,67,4
5/20/24,1,7,48,64,68,5
5/18/24,19,36,37,42,59,19
5/15/24,19,42,45,55,69,6
5/13/24,5,14,29,38,66,1
5/11/24,3,6,39,49,67,21
5/8/24,7,41,43,44,51,5
5/6/24,7,23,24,56,60,25
5/4/24,14,20,23,53,69,4
5/1/24,1,11,19,21,68,15
4/29/24,11,38,47,67,69,14
4/27/24,9,30,53,55,62,23
4/24/24,2,20,22,26,47,21
4/22/24,12,16,33,39,52,1
4/20/24,4,35,41,44,58,25
4/17/24,24,29,44,47,54,2
4/15/24,7,16,41,56,61,23
4/13/24,7,33,40,43,69,10
4/10/24,6,7,12,24,36,15
4/8/24,6,21,23,39,54,23
4/6/24,22,27,44,52,69,9
4/3/24,11,38,41,62,65,15
4/1/24,19,24,40,42,56,23
3/30/24,12,13,33,50,52,23
3/27/24,37,46,57,60,66,8
3/25/24,7,11,19,53,68,23
3/23/24,6,23,25,34,51,3
3/20/24,13,22,27,54,66,9
3/18/24,10,17,20,39,44,16
3/16/24,12,23,44,57,61,5
3/13/24,21,29,54,59,62,4
3/11/24,1,3,7,16,66,5
3/9/24,30,36,49,52,63,16
3/6/24,6,19,28,44,60,10
3/4/24,36,42,50,52,67,26
3/2/24,3,18,27,36,53,12
2/28/24,16,26,29,38,50,6
2/26/24,24,29,42,51,54,16
2/24/24,3,8,40,53,58,3
2/21/24,4,27,33,41,42,14
2/19/24,4,23,45,50,53,17
2/17/24,6,28,59,62,69,21
2/14/24,1,4,45,47,67,18
2/12/24,17,36,43,53,67,14
2/10/24,27,28,34,37,44,8
2/7/24,12,21,62,67,69,17
2/5/24,1,2,27,30,67,9
2/3/24,9,11,27,59,66,19
1/31/24,15,18,19,41,43,14
1/29/24,39,41,43,49,64,4
1/27/24,7,38,65,66,68,21
1/24/24,1,5,32,50,64,8
1/22/24,24,25,43,52,63,21
1/20/24,16,31,34,47,65,10
1/17/24,18,22,43,61,65,2
1/15/24,13,30,35,49,59,4
1/13/24,13,31,33,51,58,15
1/10/24,25,40,43,48,50,11
1/8/24,7,17,28,40,45,2
1/6/24,4,31,34,38,61,13
1/3/24,30,31,38,48,68,8
1/1/24,12,21,42,44,49,1
12/30/23,10,11,26,27,34,7
12/27/23,4,11,38,51,68,5
12/25/23,5,12,20,24,29,4
12/23/23,9,14,17,18,53,6
12/20/23,27,35,41,56,60,16
12/18/23,5,8,19,34,39,26
12/16/23,3,9,10,20,62,25
12/13/23,3,8,41,56,64,18
12/11/23,1,24,27,31,62,20
12/9/23,5,25,26,40,60,1
12/6/23,2,12,37,56,65,21
12/4/23,18,19,27,28,45,9
12/2/23,28,35,41,47,60,3
11/29/23,6,47,50,61,68,4
11/27/23,2,21,38,61,66,12
11/25/23,27,33,63,66,68,9
11/22/23,20,24,33,39,42,21
11/20/23,19,26,30,39,63,13
11/18/23,34,50,51,61,67,20
11/15/23,3,4,51,53,60,6
11/13/23,24,33,35,37,42,21
11/11/23,1,12,14,24,57,7
11/8/23,14,21,33,39,62,20
11/6/23,12,25,40,59,61,26
11/4/23,1,28,30,34,52,6
11/1/23,22,26,39,47,63,12
10/30/23,19,22,34,66,69,5
10/28/23,14,24,50,59,64,2
10/25/23,25,27,41,53,68,2
10/23/23,18,21,25,46,64,21
10/21/23,6,15,24,67,68,11
10/18/23,1,4,13,35,58,24
10/16/23,2,27,31,44,64,18
10/14/23,14,16,42,48,64,14
10/11/23,22,24,40,52,64,10
10/9/23,16,34,46,55,67,14
10/7/23,47,54,57,60,65,19
10/4/23,9,35,54,63,64,1
10/2/23,12,26,27,43,47,5
9/30/23,19,30,37,44,46,22
9/27/23,1,7,46,47,63,7
9/25/23,10,12,22,36,50,4
9/23/23,1,12,20,33,66,21
9/20/23,16,27,59,62,63,23
9/18/23,2,21,26,40,42,9
9/16/23,8,11,19,24,46,5
9/13/23,22,30,37,44,45,18
9/11/23,9,25,27,53,66,5
9/9/23,11,19,29,63,68,25
9/6/23,9,14,20,23,63,1
9/4/23,1,26,32,46,51,13
9/2/23,25,38,42,66,67,19
8/30/23,4,13,35,61,69,4
8/28/23,4,6,25,55,68,26
8/26/23,20,22,26,28,63,5
8/23/23,25,30,32,33,55,20
8/21/23,3,4,12,22,28,16
8/19/23,1,25,27,38,62,13
8/16/23,9,11,17,19,55,1
8/14/23,32,34,37,39,47,3
8/12/23,19,21,37,50,65,26
8/9/23,10,15,21,67,69,3
8/7/23,6,13,20,35,54,22
8/5/23,18,42,44,62,65,23
8/2/23,23,24,33,51,64,5
7/31/23,2,11,48,58,65,13
7/29/23,10,25,27,34,38,2
7/26/23,3,16,40,48,60,14
7/24/23,3,4,12,28,49,25
7/22/23,25,27,36,37,63,7
7/19/23,7,10,11,13,24,24
7/17/23,5,8,9,17,41,21
7/15/23,2,9,43,55,57,18
7/12/23,23,35,45,66,67,20
7/10/23,2,24,34,53,58,13
7/8/23,7,23,24,32,43,18
7/5/23,17,24,48,62,68,23
7/3/23,15,26,31,38,61,3
7/1/23,4,17,35,49,61,8
6/28/23,19,25,34,57,68,4
6/26/23,6,28,39,43,54,12
6/24/23,2,38,44,50,62,19
6/21/23,5,11,33,35,63,14
6/19/23,36,39,52,57,69,1
6/17/23,2,12,45,61,64,26
6/14/23,3,20,36,42,64,4
6/12/23,2,3,16,23,68,7
6/10/23,21,32,42,46,50,4
6/7/23,16,21,29,53,66,2
6/5/23,2,31,45,46,49,20
6/3/23,15,45,64,67,68,18
5/31/23,2,4,54,61,62,14
5/29/23,21,33,35,62,64,24
5/27/23,24,38,39,48,56,4
5/24/23,12,21,44,50,58,26
5/22/23,9,38,48,52,68,25
5/20/23,17,23,32,38,63,23
5/17/23,18,34,37,45,51,14
5/15/23,1,26,28,55,58,25
5/13/23,3,15,20,23,46,11
5/10/23,21,24,33,55,69,3
5/8/23,15,20,33,36,43,12
5/6/23,31,39,47,51,53,6
5/3/23,21,26,30,45,47,23
5/1/23,3,38,55,61,66,1
4/29/23,16,53,54,57,65,8
4/26/23,2,15,30,35,49,6
4/24/23,19,21,55,66,68,3
4/22/23,17,36,47,63,68,25
4/19/23,4,11,21,38,64,11
4/17/23,23,25,35,63,64,25
4/15/23,1,33,34,56,59,18
4/12/23,9,36,41,44,59,4
4/10/23,9,10,36,46,52,14
4/8/23,11,22,24,51,60,18
4/5/23,3,5,9,42,52,11
4/3/23,16,30,31,54,68,1
4/1/23,11,19,21,29,52,17
3/29/23,4,9,24,46,66,7
3/27/23,19,26,36,43,58,14
3/25/23,15,17,18,47,57,19
3/22/23,27,28,37,50,57,5
3/20/23,1,27,32,47,67,14
3/18/23,14,20,30,54,69,11
3/15/23,16,18,33,37,50,8
3/13/23,3,10,24,46,63,4
3/11/23,11,20,33,43,58,24
3/8/23,26,27,43,61,69,4
3/6/23,2,13,29,58,69,4
3/4/23,10,16,18,40,66,16
3/1/23,2,9,28,36,53,4
2/27/23,16,28,49,51,55,23
2/25/23,11,24,58,66,67,26
2/22/23,11,19,39,44,65,7
2/20/23,3,17,26,38,54,15
2/18/23,8,21,31,32,37,23
2/15/23,31,32,54,60,63,12
2/13/23,17,26,37,61,65,2
2/11/23,10,23,30,54,65,11
2/8/23,52,58,59,64,66,9
2/6/23,5,11,22,23,69,7
2/4/23,2,8,15,19,58,10
2/1/23,31,43,58,59,66,9
1/30/23,1,4,12,36,49,5
1/28/23,2,18,23,27,47,15
1/25/23,9,17,20,38,40,18
1/23/23,12,31,47,58,60,23
1/21/23,5,14,19,46,64,22
1/18/23,6,15,22,42,47,26
1/16/23,4,14,33,39,61,3
1/14/23,24,26,39,47,57,23
1/11/23,4,8,46,47,48,5
1/9/23,18,43,48,60,69,14
1/7/23,35,36,44,45,67,14
1/4/23,12,32,56,67,68,26
1/2/23,7,9,12,31,62,22
12/31/22,18,37,44,50,64,11
12/28/22,26,32,38,45,56,1
12/26/22,17,41,47,60,61,17
12/24/22,17,37,46,54,67,8
12/21/22,12,15,24,34,59,14
12/19/22,7,37,55,65,67,12
12/17/22,33,56,64,66,68,12
12/14/22,36,51,59,66,68,25
12/12/22,16,31,50,55,61,9
12/10/22,9,23,47,49,68,19
12/7/22,6,28,44,59,61,21
12/5/22,35,45,47,54,55,14
12/3/22,6,13,33,36,37,7
11/30/22,4,19,24,47,66,10
11/28/22,29,30,32,48,50,20
11/26/22,15,30,47,50,51,3
11/23/22,1,2,31,39,66,25
11/21/22,1,6,40,51,67,2
11/19/22,7,28,62,63,64,10
11/16/22,28,34,51,53,56,11
11/14/22,19,35,53,54,67,21
11/12/22,16,20,44,57,58,6
11/9/22,7,14,24,30,56,7
11/7/22,10,33,41,47,56,10
11/5/22,28,45,53,56,69,20
11/2/22,2,11,22,35,60,23
10/31/22,13,19,36,39,59,13
10/29/22,19,31,40,46,57,23
10/26/22,19,36,37,46,56,24
10/24/22,18,23,35,45,54,16
10/22/22,19,25,48,55,60,18
10/19/22,6,8,15,27,42,10
10/17/22,19,30,36,46,60,25
10/15/22,32,37,40,58,62,15
10/12/22,14,30,41,42,59,6
10/10/22,3,6,11,17,22,11
10/8/22,13,43,53,60,68,5
10/5/22,26,30,33,37,62,6
10/3/22,2,16,22,55,63,22
10/1/22,8,21,22,65,69,26
9/28/22,6,10,24,33,67,11
9/26/22,13,20,31,33,59,20
9/24/22,3,9,21,24,29,14
9/21/22,6,33,34,45,54,7
9/19/22,7,15,36,46,67,7
9/17/22,5,25,36,51,61,1
9/14/22,9,10,20,22,52,25
9/12/22,6,14,16,34,66,25
9/10/22,38,42,56,68,69,4
9/7/22,3,16,30,33,36,20
9/5/22,4,7,32,55,64,25
9/3/22,18,27,49,65,69,9
8/31/22,7,8,19,24,28,1
8/29/22,13,36,43,61,69,18
8/27/22,2,18,56,60,65,14
8/24/22,6,24,35,37,44,22
8/22/22,12,27,34,55,67,9
8/20/22,5,9,11,16,66,7
8/17/22,23,28,41,50,55,24
8/15/22,20,24,47,50,63,5
8/13/22,19,24,35,43,62,2
8/10/22,29,44,59,61,68,19
8/8/22,32,45,51,57,58,12
8/6/22,8,15,46,56,68,3
8/3/22,9,21,56,57,66,11
8/1/22,15,21,31,36,65,16
7/30/22,4,17,57,58,68,12
7/27/22,1,25,44,55,57,26
7/25/22,25,37,38,39,65,5
7/23/22,39,41,54,59,62,12
7/20/22,10,20,23,49,65,22
7/18/22,14,34,36,50,58,5
7/16/22,3,18,23,32,57,21
7/13/22,22,23,36,47,63,2
7/11/22,4,26,34,37,52,9
7/9/22,14,22,42,46,52,24
7/6/22,32,36,49,62,69,13
7/4/22,15,16,24,31,56,4
7/2/22,9,10,37,59,62,26
6/29/22,8,40,49,58,63,14
6/27/22,11,13,18,30,37,16
6/25/22,6,12,20,27,32,4
6/22/22,6,10,31,48,56,12
6/20/22,3,44,61,63,69,13
6/18/22,10,19,40,45,58,25
6/15/22,19,28,41,42,51,7
6/13/22,2,27,42,44,51,25
6/11/22,18,20,26,53,69,5
6/8/22,22,39,43,62,64,7
6/6/22,2,10,35,44,46,4
6/4/22,14,16,36,52,60,16
6/1/22,11,41,56,57,63,2
5/30/22,27,28,51,68,69,22
5/28/22,2,39,50,61,66,15
5/25/22,19,28,39,42,57,17
5/23/22,1,33,37,39,42,26
5/21/22,14,15,25,52,58,11
5/18/22,40,41,58,64,65,17
5/16/22,7,15,22,36,64,13
5/14/22,6,40,41,45,52,9
5/11/22,5,7,61,63,69,18
5/9/22,18,30,35,52,56,5
5/7/22,4,5,6,28,67,10
5/4/22,37,39,55,63,69,23
5/2/22,18,27,33,39,44,8
4/30/22,14,21,37,44,63,1
4/27/22,11,36,61,62,68,4
4/25/22,12,18,20,39,61,10
4/23/22,10,39,47,49,56,8
4/20/22,20,30,45,55,56,14
4/18/22,8,33,55,59,62,18
4/16/22,15,21,32,62,65,26
4/13/22,14,16,41,63,68,26
4/11/22,5,7,24,31,34,4
4/9/22,6,16,31,62,66,18
4/6/22,6,42,45,47,64,18
4/4/22,2,32,39,46,69,6
4/2/22,6,28,47,58,59,18
3/30/22,3,7,21,31,37,11
3/28/22,11,18,39,58,62,3
3/26/22,2,10,50,59,61,6
3/23/22,31,32,37,38,48,24
3/21/22,1,15,26,63,65,16
3/19/22,8,9,18,48,52,6
3/16/22,3,28,34,35,58,17
3/14/22,21,28,32,44,49,6
3/12/22,19,20,37,39,61,8
3/9/22,13,22,34,51,67,10
3/7/22,10,43,55,59,67,2
3/5/22,8,23,37,52,63,13
3/2/22,19,37,48,61,63,12
2/28/22,7,21,39,47,55,19
2/26/22,15,32,36,48,64,19
2/23/22,6,17,21,35,64,18
2/21/22,2,36,37,45,69,3
2/19/22,3,10,15,33,42,11
2/16/22,22,30,40,42,48,16
2/14/22,16,25,27,49,55,17
2/12/22,8,10,21,41,62,7
2/9/22,2,17,33,51,63,26
2/7/22,5,15,38,47,65,10
2/5/22,5,16,27,39,61,24
2/2/22,18,29,33,62,63,15
1/31/22,10,15,51,61,69,14
1/29/22,2,15,38,54,65,11
1/26/22,4,11,38,49,69,16
1/24/22,11,29,30,47,53,16
1/22/22,8,14,33,36,67,17
1/19/22,11,15,43,55,61,10
1/17/22,9,24,35,46,65,22
1/15/22,3,18,37,51,59,13
1/12/22,12,21,22,30,33,24
1/10/22,14,17,18,21,27,9
1/8/22,20,21,36,60,65,13
1/5/22,6,14,25,33,46,17
1/3/22,2,13,32,33,48,22
1/1/22,6,12,39,48,50,7
12/29/21,2,6,9,33,39,11
12/27/21,36,38,45,62,64,19
12/25/21,27,29,45,55,58,2
12/22/21,7,16,19,48,68,15
12/20/21,2,13,23,34,66,2
12/18/21,2,6,24,51,61,1
12/15/21,19,20,40,42,59,15
12/13/21,10,30,37,53,59,4
12/11/21,3,25,44,53,64,10
12/8/21,3,7,33,50,69,24
12/6/21,3,21,38,50,59,6
12/4/21,10,40,45,56,67,2
12/1/21,12,15,38,57,63,24
11/29/21,18,26,28,38,47,17
11/27/21,8,32,55,64,66,10
11/24/21,10,16,32,63,65,17
11/22/21,7,20,29,38,67,22
11/20/21,40,43,48,59,69,19
11/17/21,3,16,48,52,60,1
11/15/21,5,31,34,51,53,23
11/13/21,8,15,26,35,45,9
11/10/21,19,25,43,46,48,14
11/8/21,21,46,47,57,62,8
11/6/21,8,30,48,57,64,9
11/3/21,1,2,24,50,57,26
11/1/21,9,25,34,44,45,8
10/30/21,5,23,28,43,56,19
10/27/21,3,6,26,35,51,17
10/25/21,10,27,29,44,58,24
10/23/21,10,30,51,57,63,20
10/20/21,7,29,36,41,43,5
10/18/21,30,32,48,53,63,12
10/16/21,30,31,41,42,48,3
10/13/21,23,29,47,59,60,15
10/11/21,11,20,33,39,65,24
10/9/21,12,17,30,45,62,5
10/6/21,1,17,52,58,64,1
10/4/21,12,22,54,66,69,15
10/2/21,28,38,42,47,52,1
9/29/21,2,7,11,17,32,11
9/27/21,21,22,39,44,60,12
9/25/21,22,23,37,62,63,19
9/22/21,20,40,47,55,63,5
9/20/21,37,51,54,58,60,19
9/18/21,5,36,39,45,57,11
9/15/21,1,4,18,46,62,25
9/13/21,37,40,50,61,63,21
9/11/21,20,31,38,40,49,21
9/8/21,9,22,41,47,61,21
9/6/21,11,20,22,33,54,24
9/4/21,32,35,40,52,54,1
9/1/21,10,20,29,48,51,17
8/30/21,3,15,45,51,61,8
8/28/21,12,22,26,46,59,26
8/25/21,27,39,54,56,59,24
8/23/21,17,36,47,60,61,15
8/21/21,16,28,36,39,59,4
8/18/21,35,36,51,55,61,26
8/14/21,6,21,49,65,67,18
8/11/21,12,18,20,29,30,16
8/7/21,7,24,36,54,60,23
8/4/21,5,21,32,36,58,14
7/31/21,1,21,22,34,47,4
7/28/21,25,30,53,59,60,5
7/24/21,1,4,11,59,67,10
7/21/21,27,28,44,67,68,11
7/17/21,15,22,38,54,66,3
7/14/21,33,46,52,59,62,10
7/10/21,1,5,29,54,62,3
7/7/21,8,21,30,49,57,8
7/3/21,26,40,41,55,65,24
6/30/21,24,29,50,65,66,14
6/26/21,8,31,39,43,60,17
6/23/21,13,20,40,51,63,1
6/19/21,4,22,35,38,39,20
6/16/21,19,29,34,44,50,25
6/12/21,8,25,34,38,41,10
6/9/21,19,28,46,50,54,9
6/5/21,44,52,54,64,69,26
6/2/21,6,7,11,66,67,19
5/29/21,11,13,22,27,46,20
5/26/21,2,8,21,34,62,16
5/22/21,3,19,27,37,40,8
5/19/21,11,13,55,56,69,4
5/15/21,4,10,37,39,69,24
5/12/21,1,19,20,38,54,17
5/8/21,12,17,20,21,26,8
5/5/21,16,23,28,40,63,1
5/1/21,35,36,47,61,63,3
4/28/21,16,18,35,39,53,21
4/24/21,22,36,48,59,61,22
4/21/21,21,25,32,63,67,6
4/17/21,10,21,26,41,49,25
4/14/21,13,30,33,45,61,14
4/10/21,14,16,23,50,53,3
4/7/21,27,35,39,51,66,16
4/3/21,1,12,17,39,53,5
3/31/21,3,10,44,55,68,24
3/27/21,6,14,38,39,65,6
3/24/21,4,9,17,27,38,18
3/20/21,1,6,22,42,61,4
3/17/21,34,38,42,61,62,19
3/13/21,5,11,51,56,61,2
3/10/21,17,18,37,44,53,18
3/6/21,11,31,50,52,58,18
3/3/21,21,40,44,50,55,16
2/27/21,2,28,31,44,52,18
2/24/21,4,33,43,53,65,21
2/20/21,4,8,22,32,58,4
2/17/21,1,15,21,32,46,1
2/13/21,20,28,33,63,68,20
2/10/21,15,39,58,63,67,7
2/6/21,1,16,48,49,65,8
2/3/21,5,37,40,64,66,5
1/30/21,1,2,7,52,61,4
1/27/21,17,33,35,42,52,9
1/23/21,5,8,17,27,28,14
1/20/21,40,53,60,68,69,22
1/16/21,14,20,39,65,67,2
1/13/21,4,19,23,25,49,14
1/9/21,14,26,38,45,46,13
1/6/21,1,20,22,60,66,3
1/2/21,3,4,11,41,67,5
12/30/20,3,43,45,61,65,14
12/26/20,10,24,27,35,53,18
12/23/20,6,13,38,39,53,6
12/19/20,27,32,34,43,52,13
12/16/20,4,23,37,61,67,7
12/12/20,17,54,56,63,69,20
12/9/20,11,14,31,47,48,4
12/5/20,3,4,6,48,53,10
12/2/20,28,31,40,41,46,4
11/28/20,8,12,18,44,51,18
11/25/20,2,57,58,60,65,26
11/21/20,51,54,57,60,69,11
11/18/20,4,5,17,43,52,5
11/14/20,7,15,18,32,45,20
11/11/20,13,15,17,45,63,13
11/7/20,14,16,37,48,58,18
11/4/20,23,32,33,45,49,14
10/31/20,2,6,40,42,55,24
10/28/20,11,28,37,40,53,13
10/24/20,18,20,27,45,65,6
10/21/20,1,3,13,44,56,26
10/17/20,6,10,31,37,44,23
10/14/20,21,37,52,53,58,5
10/10/20,5,18,23,40,50,18
10/7/20,6,24,30,53,56,19
10/3/20,18,31,36,43,47,20
9/30/20,14,18,36,49,67,18
9/26/20,11,21,27,36,62,24
9/23/20,8,17,49,52,59,1
9/19/20,11,14,23,47,57,14
9/16/20,10,17,31,51,53,1
9/12/20,16,17,20,53,67,4
9/9/20,27,52,55,60,64,21
9/5/20,15,21,22,27,47,7
9/2/20,1,4,11,20,69,18
8/29/20,5,21,22,29,43,10
8/26/20,8,12,19,47,58,2
8/22/20,19,30,36,42,66,14
8/19/20,13,23,47,55,58,23
8/15/20,5,12,34,45,56,3
8/12/20,2,6,18,36,37,21
8/8/20,2,3,14,40,51,24
8/5/20,7,14,17,57,65,24
8/1/20,6,25,36,43,48,24
7/29/20,7,29,35,40,45,26
7/25/20,5,21,36,61,62,18
7/22/20,16,25,36,44,55,14
7/18/20,13,16,32,58,59,9
7/15/20,27,47,61,62,69,4
7/11/20,14,19,61,62,64,4
7/8/20,3,10,34,36,62,5
7/4/20,16,21,27,60,61,6
7/1/20,15,28,52,53,63,18
6/27/20,9,36,49,56,62,8
6/24/20,15,22,27,33,46,23
6/20/20,10,31,41,63,67,5
6/17/20,7,10,63,64,68,10
6/13/20,2,12,32,50,65,5
6/10/20,10,33,41,52,54,18
6/6/20,1,17,38,68,69,18
6/3/20,1,3,26,41,64,17
5/30/20,13,32,41,58,60,14
5/27/20,38,58,59,64,68,21
5/23/20,2,8,18,21,23,16
5/20/20,18,34,40,42,50,9
5/16/20,8,12,26,39,42,11
5/13/20,39,53,54,56,57,20
5/9/20,12,18,42,48,65,19
5/6/20,7,8,35,50,65,20
5/2/20,13,16,33,58,68,24
4/29/20,2,20,49,61,67,20
4/25/20,1,3,21,47,57,18
4/22/20,1,33,35,40,69,24
4/18/20,4,44,46,56,63,19
4/15/20,10,12,33,36,41,2
4/11/20,22,29,30,42,47,17
4/8/20,2,37,39,48,54,5
4/4/20,8,31,39,40,43,4
4/1/20,33,35,45,48,60,16
3/28/20,7,40,48,55,66,11
3/25/20,5,9,27,39,42,16
3/21/20,2,23,40,59,69,13
3/18/20,15,27,44,59,63,8
3/14/20,9,23,26,30,32,8
3/11/20,4,29,49,50,67,2
3/7/20,7,15,21,33,62,23
3/4/20,18,43,58,60,68,14
2/29/20,24,44,46,50,51,13
2/26/20,8,27,29,36,47,24
2/22/20,25,37,39,61,62,11
2/19/20,10,12,15,19,56,19
2/15/20,16,32,35,36,46,3
2/12/20,14,47,54,55,68,25
2/8/20,35,49,50,59,66,6
2/5/20,23,30,35,41,57,2
2/1/20,12,33,54,57,60,13
1/29/20,9,12,15,31,60,2
1/25/20,2,9,17,36,67,18
1/22/20,11,33,44,59,67,8
1/18/20,20,24,38,56,68,18
1/15/20,39,41,53,55,68,19
1/11/20,3,21,23,31,59,3
1/8/20,2,4,7,43,56,22
1/4/20,1,11,21,25,54,7
1/1/20,49,53,57,59,62,26
12/28/19,20,23,39,59,60,18
12/25/19,2,4,16,30,46,20
12/21/19,19,31,35,50,67,14
12/18/19,14,18,26,39,68,9
12/14/19,3,6,12,32,64,19
12/11/19,24,29,42,44,63,10
12/7/19,18,42,53,62,66,25
12/4/19,8,27,44,51,61,14
11/30/19,15,35,42,63,68,18
11/27/19,15,26,37,53,55,21
11/23/19,28,35,38,61,66,23
11/20/19,7,15,39,40,57,12
11/16/19,14,22,26,55,63,26
11/13/19,23,26,27,28,66,11
11/9/19,14,17,35,38,60,25
11/6/19,15,28,46,62,64,17
11/2/19,3,23,32,37,58,22
10/30/19,19,22,52,56,67,21
10/26/19,3,20,48,54,59,4
10/23/19,5,12,50,61,69,23
10/19/19,14,27,29,59,65,12
10/16/19,1,5,25,63,67,3
10/12/19,12,29,34,53,65,23
10/9/19,5,18,33,43,65,2
10/5/19,6,14,36,51,54,4
10/2/19,4,8,10,43,53,7
9/28/19,15,23,34,51,55,4
9/25/19,37,43,44,45,53,25
9/21/19,1,9,22,36,68,22
9/18/19,14,19,39,47,51,15
9/14/19,11,27,31,36,67,11
9/11/19,6,17,24,53,57,3
9/7/19,11,20,41,42,56,6
9/4/19,4,8,30,52,59,2
8/31/19,14,41,50,56,57,18
8/28/19,9,32,37,41,56,14
8/24/19,5,12,20,21,47,1
8/21/19,12,21,22,29,32,21
8/17/19,18,21,24,30,60,20
8/14/19,10,13,30,51,69,10
8/10/19,35,41,44,58,59,3
8/7/19,8,32,47,53,59,3
8/3/19,3,6,45,66,68,13
7/31/19,14,37,47,55,67,6
7/27/19,1,19,31,48,61,6
7/24/19,22,29,35,53,56,13
7/20/19,5,26,36,64,69,19
7/17/19,19,43,47,60,68,10
7/13/19,13,23,32,35,68,21
7/10/19,7,9,26,44,68,3
7/6/19,4,8,23,46,65,1
7/3/19,40,43,45,50,61,25
6/29/19,13,17,24,59,62,8
6/26/19,1,5,16,22,54,24
6/22/19,3,6,11,14,66,21
6/19/19,4,18,21,26,38,1
6/15/19,8,11,14,16,49,14
6/12/19,5,35,38,42,57,13
6/8/19,9,13,42,48,60,18
6/5/19,17,23,28,34,38,8
6/1/19,6,15,34,45,52,8
5/29/19,3,32,34,42,61,7
5/25/19,1,2,39,43,66,2
5/22/19,7,10,20,44,57,3
5/18/19,2,10,25,66,67,26
5/15/19,7,17,33,61,68,4
5/11/19,6,8,9,37,40,26
5/8/19,1,45,53,64,66,3
5/4/19,6,16,23,30,61,2
5/1/19,5,23,28,56,66,17
4/27/19,2,29,41,45,62,6
4/24/19,6,32,35,36,65,4
4/20/19,3,27,30,63,65,1
4/17/19,1,15,17,46,66,15
4/13/19,4,17,26,32,49,10
4/10/19,12,21,23,39,67,6
4/6/19,15,33,43,59,60,8
4/3/19,16,19,25,32,49,18
3/30/19,21,52,54,64,68,4
3/27/19,16,20,37,44,62,12
3/23/19,24,25,52,60,66,5
3/20/19,10,14,50,53,63,21
3/16/19,30,34,39,53,67,11
3/13/19,18,36,45,47,69,14
3/9/19,5,6,45,55,59,14
3/6/19,6,10,21,35,46,23
3/2/19,1,19,25,27,68,21
2/27/19,21,31,42,49,59,23
2/23/19,4,6,14,20,32,13
2/20/19,27,49,50,51,52,2
2/16/19,29,30,41,48,64,1
2/13/19,2,8,14,24,69,26
2/9/19,1,2,3,7,39,25
2/6/19,5,13,28,38,63,21
2/2/19,10,17,18,43,65,13
1/30/19,2,12,16,29,54,6
1/26/19,8,12,20,21,32,10
1/23/19,23,25,47,48,50,24
1/19/19,5,8,41,65,66,20
1/16/19,14,29,31,56,61,1
1/12/19,7,36,48,57,58,24
1/9/19,6,19,37,49,59,22
1/5/19,3,7,15,27,69,19
1/2/19,8,12,42,46,56,12
12/29/18,12,42,51,53,62,25
12/26/18,5,25,38,52,67,24
12/22/18,21,28,30,40,59,26
12/19/18,15,29,31,37,43,16
12/15/18,8,38,43,52,55,17
12/12/18,4,9,21,29,64,26
12/8/18,14,32,34,46,61,10
12/5/18,9,11,36,37,38,11
12/1/18,10,11,47,55,58,26
11/28/18,4,19,59,68,69,21
11/24/18,11,33,51,56,58,18
11/21/18,7,14,23,38,55,18
11/17/18,6,8,20,52,68,5
11/14/18,7,42,49,62,69,23
11/10/18,5,29,34,53,57,24
11/7/18,26,28,34,42,50,25
11/3/18,15,21,24,32,65,11
10/31/18,7,25,39,40,47,20
10/27/18,8,12,13,19,27,4
10/24/18,3,21,45,53,56,22
10/20/18,16,54,57,62,69,23
10/17/18,3,57,64,68,69,15
10/13/18,11,14,32,43,65,15
10/10/18,8,23,27,42,60,7
10/6/18,1,22,27,53,67,15
10/3/18,41,53,59,63,66,3
9/29/18,9,17,34,59,64,22
9/26/18,1,2,7,30,50,8
9/22/18,24,61,63,64,69,18
9/19/18,4,39,48,50,51,11
9/15/18,2,18,19,24,34,3
9/12/18,6,28,48,63,64,24
9/8/18,3,13,20,32,33,21
9/5/18,6,15,50,59,60,13
9/1/18,11,54,55,61,66,9
8/29/18,25,41,53,57,67,12
8/25/18,20,25,54,57,63,8
8/22/18,1,7,45,47,69,13
8/18/18,24,34,52,61,67,16
8/15/18,12,15,28,47,48,16
8/11/18,5,43,56,62,68,24
8/8/18,10,21,30,43,63,17
8/4/18,3,11,38,44,58,2
8/1/18,5,22,32,38,58,26
7/28/18,22,27,46,56,65,13
7/25/18,2,18,41,44,64,26
7/21/18,9,23,56,58,68,1
7/18/18,1,10,27,28,36,12
7/14/18,22,41,42,49,67,11
7/11/18,19,21,27,46,47,7
7/7/18,1,10,43,45,64,22
7/4/18,4,7,15,41,44,10
6/30/18,3,9,20,42,61,24
6/27/18,7,28,37,62,63,15
6/23/18,16,29,43,45,56,25
6/20/18,4,14,23,27,56,13
6/16/18,9,45,57,58,65,9
6/13/18,13,20,38,45,55,1
6/9/18,6,10,15,25,36,14
6/6/18,23,28,41,53,56,14
6/2/18,23,25,37,44,64,7
5/30/18,17,23,26,46,68,20
5/26/18,1,21,31,45,49,21
5/23/18,20,54,56,61,64,7
5/19/18,3,6,9,17,56,25
5/16/18,17,19,21,22,51,19
5/12/18,22,42,45,55,56,14
5/9/18,11,16,38,50,69,19
5/5/18,14,29,36,57,61,17
5/2/18,5,14,31,40,50,6
4/28/18,20,22,28,45,50,8
4/25/18,17,18,39,56,64,12
4/21/18,40,50,54,62,69,19
4/18/18,9,10,12,17,23,9
4/14/18,17,19,26,61,62,15
4/11/18,16,18,27,55,67,18
4/7/18,2,17,20,38,39,20
4/4/18,8,24,42,54,64,24
3/31/18,8,24,52,55,61,21
3/28/18,6,8,26,52,53,21
3/24/18,10,33,45,53,56,24
3/21/18,3,4,18,29,61,25
3/17/18,22,57,59,60,66,7
3/14/18,6,12,24,41,68,9
3/10/18,43,44,54,61,69,22
3/7/18,6,13,19,36,51,18
3/3/18,13,17,25,36,40,5
2/28/18,12,30,59,65,69,16
2/24/18,24,25,38,62,63,6
2/21/18,7,15,31,34,36,8
2/17/18,13,26,39,44,62,2
2/14/18,37,39,44,46,69,26
2/10/18,1,13,27,41,59,20
2/7/18,23,34,35,40,47,10
2/3/18,15,23,27,48,53,6
1/31/18,4,7,14,46,59,22
1/27/18,17,21,26,47,54,7
1/24/18,5,9,11,33,64,21
1/20/18,26,28,47,49,58,3
1/17/18,3,33,37,51,57,21
1/13/18,14,25,35,58,69,24
1/10/18,7,24,33,49,50,4
1/6/18,12,29,30,33,61,26
1/3/18,2,18,37,39,42,12
12/30/17,28,36,41,51,58,24
12/27/17,3,9,16,56,60,3
12/23/17,1,3,13,15,44,25
12/20/17,1,20,61,64,69,20
12/16/17,9,35,37,50,63,11
12/13/17,2,24,28,51,58,7
12/9/17,25,36,37,55,60,6
12/6/17,19,20,50,55,62,9
12/2/17,28,30,32,36,58,6
11/29/17,24,26,28,59,63,16
11/25/17,8,13,27,53,54,4
11/22/17,35,37,46,51,61,13
11/18/17,17,28,31,32,39,26
11/15/17,23,32,44,48,50,25
11/11/17,4,6,16,30,56,18
11/8/17,12,14,20,21,34,22
11/4/17,12,14,26,48,51,13
11/1/17,3,6,19,26,44,1
10/28/17,27,35,38,57,66,10
10/25/17,18,22,29,54,57,8
10/21/17,14,41,42,45,69,4
10/18/17,30,49,54,66,69,8
10/14/17,32,37,56,66,69,11
10/11/17,1,3,13,19,69,23
10/7/17,10,49,61,63,65,7
10/4/17,22,23,62,63,66,24
9/30/17,8,12,25,41,64,15
9/27/17,8,10,21,23,25,22
9/23/17,24,45,55,56,57,19
9/20/17,39,48,53,67,68,26
9/16/17,17,18,24,25,31,24
9/13/17,17,24,35,57,63,19
9/9/17,6,20,29,57,59,22
9/6/17,8,14,32,58,67,17
9/2/17,6,21,41,52,62,26
8/30/17,19,28,43,67,69,7
8/26/17,7,15,32,38,66,15
8/23/17,6,7,16,23,26,4
8/19/17,17,19,39,43,68,13
8/16/17,9,15,43,60,64,4
8/12/17,20,24,26,35,49,19
8/9/17,12,30,36,47,62,9
8/5/17,11,21,28,33,45,11
8/2/17,1,16,54,63,69,18
7/29/17,1,28,40,45,48,12
7/26/17,7,19,21,42,69,12
7/22/17,5,32,44,53,60,9
7/19/17,50,51,59,61,63,4
7/15/17,9,40,63,64,66,17
7/12/17,1,2,18,23,61,9
7/8/17,8,10,29,40,59,26
7/5/17,4,9,16,54,68,21
7/1/17,19,42,45,48,53,16
6/28/17,29,37,46,53,68,8
6/24/17,10,22,32,36,58,10
6/21/17,14,46,61,65,68,13
6/17/17,10,13,32,53,62,21
6/14/17,5,22,43,57,63,24
6/10/17,20,26,32,38,58,3
6/7/17,5,21,57,66,69,13
6/3/17,3,9,21,41,54,25
5/31/17,4,33,39,46,60,6
5/27/17,5,10,28,55,67,9
5/24/17,28,32,33,38,62,15
5/20/17,5,22,45,47,54,3
5/17/17,4,11,39,45,48,9
5/13/17,17,20,32,63,68,19
5/10/17,29,31,46,56,62,8
5/6/17,11,21,31,41,59,21
5/3/17,17,18,49,59,66,9
4/29/17,22,23,24,45,62,5
4/26/17,1,15,18,26,51,26
4/22/17,21,39,41,48,63,6
4/19/17,1,19,37,40,52,15
4/15/17,5,22,26,45,61,13
4/12/17,8,14,61,63,68,24
4/8/17,23,36,51,53,60,15
4/5/17,8,20,46,53,54,13
4/1/17,9,32,36,44,65,1
3/29/17,8,15,31,36,62,11
3/25/17,18,31,32,45,48,16
3/22/17,2,9,27,29,42,9
3/18/17,13,25,44,54,67,5
3/15/17,16,30,41,48,53,16
3/11/17,1,26,41,50,57,11
3/8/17,23,33,42,46,59,4
3/4/17,2,18,19,22,63,19
3/1/17,10,16,40,52,55,17
2/25/17,6,32,47,62,65,19
2/22/17,10,13,28,52,61,2
2/18/17,3,7,9,31,33,20
2/15/17,5,28,33,38,42,19
2/11/17,5,9,17,37,64,2
2/8/17,14,20,42,49,66,5
2/4/17,6,13,16,17,52,25
2/1/17,9,43,57,60,64,10
1/28/17,12,20,39,49,69,17
1/25/17,18,28,62,66,68,22
1/21/17,23,25,45,52,67,2
1/18/17,9,40,41,53,58,12
1/14/17,23,55,59,64,69,13
1/11/17,1,3,13,16,43,24
1/7/17,3,12,24,37,63,10
1/4/17,16,17,29,41,42,4
12/31/16,1,3,28,57,67,9
12/28/16,16,23,30,44,58,4
12/24/16,28,38,42,51,52,21
12/21/16,25,33,40,54,68,3
12/17/16,1,8,16,40,48,10
12/14/16,18,26,37,39,66,15
12/10/16,12,21,32,44,66,15
12/7/16,41,48,49,53,64,20
12/3/16,8,10,26,27,33,22
11/30/16,3,14,18,25,45,7
11/26/16,17,19,21,37,44,16
11/23/16,7,32,41,47,61,3
11/19/16,16,24,28,43,61,21
11/16/16,28,41,61,63,65,7
11/12/16,8,17,20,27,52,24
11/9/16,1,25,28,31,54,2
11/5/16,21,31,50,51,69,8
11/2/16,13,18,37,54,61,5
10/29/16,19,20,21,42,48,23
10/26/16,2,3,16,48,56,24
10/22/16,1,28,33,55,56,22
10/19/16,10,16,38,43,63,23
10/15/16,23,49,57,64,67,20
10/12/16,16,30,34,37,44,16
10/8/16,3,54,61,64,68,9
10/5/16,8,18,27,29,60,15
10/1/16,2,12,50,61,64,1
9/28/16,30,38,52,53,62,1
9/24/16,7,15,20,29,41,22
9/21/16,1,28,63,67,69,17
9/17/16,9,19,51,55,62,14
9/14/16,10,11,23,28,31,14
9/10/16,3,17,49,55,68,8
9/7/16,22,23,29,33,55,21
9/3/16,7,39,50,59,67,25
8/31/16,5,10,24,56,61,12
8/27/16,4,32,48,49,63,20
8/24/16,9,11,25,64,65,16
8/20/16,3,6,21,60,68,24
8/17/16,33,44,49,50,52,8
8/13/16,38,44,60,64,69,6
8/10/16,23,56,61,64,67,12
8/6/16,20,33,36,47,52,12
8/3/16,9,11,27,66,67,2
7/30/16,11,17,21,23,32,5
7/27/16,10,47,50,65,68,24
7/23/16,5,7,23,35,39,11
7/20/16,6,25,35,58,66,5
7/16/16,11,17,40,50,62,26
7/13/16,3,15,29,54,57,10
7/9/16,10,28,32,61,64,12
7/6/16,2,24,31,57,66,18
7/2/16,10,34,39,59,63,4
6/29/16,23,29,37,60,64,6
6/25/16,3,27,36,56,69,25
6/22/16,14,40,42,43,52,17
6/18/16,2,23,41,53,63,11
6/15/16,4,22,24,31,33,10
6/11/16,20,27,36,41,58,7
6/8/16,12,25,37,60,69,20
6/4/16,16,20,22,43,64,17
6/1/16,23,30,33,40,69,12
5/28/16,6,33,34,58,59,12
5/25/16,11,24,41,59,64,15
5/21/16,5,7,9,23,32,26
5/18/16,23,25,39,54,67,11
5/14/16,13,27,47,64,65,9
5/11/16,20,32,52,66,69,23
5/7/16,5,25,26,44,66,9
5/4/16,30,47,57,66,69,3
4/30/16,3,12,16,32,34,14
4/27/16,2,25,33,39,64,17
4/23/16,19,35,46,59,62,13
4/20/16,12,25,30,52,62,8
4/16/16,3,18,25,32,51,3
4/13/16,30,33,35,38,64,22
4/9/16,14,22,23,41,61,9
4/6/16,4,28,49,60,65,25
4/2/16,9,28,30,40,61,3
3/30/16,24,44,53,55,63,19
3/26/16,11,23,42,52,68,6
3/23/16,5,8,15,22,49,25
3/19/16,11,23,43,54,60,3
3/16/16,10,12,13,46,50,21
3/12/16,11,28,50,57,62,23
3/9/16,14,23,32,34,68,3
3/5/16,3,27,34,59,69,19
3/2/16,12,13,44,52,62,6
2/27/16,10,11,21,22,53,18
2/24/16,21,31,64,65,67,5
2/20/16,11,12,15,16,54,25
2/17/16,7,17,27,29,40,25
2/13/16,7,15,18,19,36,20
2/10/16,2,3,40,50,62,5
2/6/16,4,13,31,36,52,8
2/3/16,26,28,31,60,67,23
1/30/16,5,12,16,31,43,18
1/27/16,3,12,40,52,67,21
1/23/16,22,32,34,40,69,19
1/20/16,5,39,44,47,69,24
1/16/16,3,51,52,61,64,6
1/13/16,4,8,19,27,34,10
1/9/16,16,19,32,34,57,13
1/6/16,2,11,47,62,63,17
1/2/16,5,6,15,29,42,10
12/30/15,12,36,38,54,61,22
12/26/15,27,40,44,59,65,20
12/23/15,16,38,55,63,67,25
12/19/15,28,30,41,59,68,10
12/16/15,9,10,32,42,55,6
12/12/15,2,14,19,30,62,22
12/9/15,7,10,16,46,56,1
12/5/15,13,27,33,47,68,13
12/2/15,14,18,19,32,64,9
11/28/15,2,6,47,66,67,2
11/25/15,16,29,53,58,69,21
11/21/15,37,47,50,52,57,21
11/18/15,17,40,41,46,69,6
11/14/15,14,22,37,45,66,5
11/11/15,4,26,32,55,64,18
11/7/15,7,16,25,50,53,15
11/4/15,2,12,17,20,65,17
10/31/15,9,20,25,47,68,7
10/28/15,4,54,56,62,63,10
10/24/15,20,31,56,60,64,2
10/21/15,30,32,42,56,57,11
10/17/15,48,49,57,62,69,19
10/14/15,15,20,29,31,40,1
10/10/15,12,27,29,43,68,1
10/7/15,18,30,40,48,52,9
10/3/15,6,26,33,44,46,4
9/30/15,21,39,40,55,59,17
9/26/15,23,31,42,50,57,5
9/23/15,8,29,41,51,58,5
9/19/15,12,17,26,43,48,24
9/16/15,5,7,24,31,39,7
9/12/15,2,3,13,16,35,27
9/9/15,44,45,47,50,51,8
9/5/15,10,16,18,29,45,19
9/2/15,17,22,30,46,56,16
8/29/15,18,21,25,28,29,16
8/26/15,2,22,32,45,56,12
8/22/15,4,12,14,21,55,7
8/19/15,6,8,43,48,50,7
8/15/15,3,13,17,42,52,24
8/12/15,8,13,29,38,52,28
8/8/15,9,34,48,52,54,15
8/5/15,9,11,14,16,42,19
8/1/15,7,13,24,49,57,15
7/29/15,4,22,27,28,52,35
7/25/15,27,29,34,41,44,2
7/22/15,12,31,43,44,57,11
7/18/15,6,37,39,45,55,33
7/15/15,13,16,34,45,50,11
7/11/15,11,39,46,52,54,3
7/8/15,4,15,25,27,30,18
7/4/15,3,6,14,18,24,21
7/1/15,7,24,26,31,41,25
6/27/15,18,28,35,46,49,27
6/24/15,3,5,10,22,32,7
6/20/15,9,10,16,20,57,15
6/17/15,20,21,22,41,54,7
6/13/15,29,41,48,52,54,29
6/10/15,31,32,48,49,53,25
6/6/15,8,13,18,27,43,15
6/3/15,6,8,13,37,40,11
5/30/15,8,9,25,56,57,22
5/27/15,8,15,34,53,59,23
5/23/15,9,15,17,31,43,16
5/20/15,1,12,28,35,44,25
5/16/15,24,29,38,48,52,32
5/13/15,1,25,29,31,47,7
5/9/15,4,15,17,35,58,17
5/6/15,23,24,27,39,41,30
5/2/15,2,6,11,30,31,33
4/29/15,1,26,34,38,51,6
4/25/15,21,33,35,38,45,12
4/22/15,10,14,25,39,53,18
4/18/15,13,22,23,29,31,17
4/15/15,1,16,21,29,40,30
4/11/15,1,12,32,42,58,12
4/8/15,1,19,45,46,58,29
4/4/15,33,39,40,41,54,28
4/1/15,2,30,33,39,44,1
3/28/15,2,4,6,12,38,17
3/25/15,7,19,23,50,54,14
3/21/15,11,16,30,38,42,7
3/18/15,14,25,30,33,47,8
3/14/15,8,14,39,46,47,18
3/11/15,11,24,31,40,44,27
3/7/15,34,36,38,42,50,33
3/4/15,8,12,15,35,50,32
2/28/15,11,17,25,28,46,12
2/25/15,17,19,21,32,39,8
2/21/15,10,14,18,34,51,26
2/18/15,1,9,29,32,49,22
2/14/15,1,24,44,45,51,28
2/11/15,11,13,25,39,54,19
2/7/15,5,10,21,34,58,33
2/4/15,24,36,51,52,56,22
1/31/15,5,11,16,26,50,34
1/28/15,12,24,35,36,49,1
1/24/15,16,19,20,29,33,10
1/21/15,11,12,15,28,57,23
1/17/15,15,16,23,27,36,9
1/14/15,2,4,10,41,53,22
1/10/15,2,9,19,28,29,19
1/7/15,14,15,47,49,59,10
1/3/15,4,18,43,46,55,25
12/31/14,17,27,37,40,53,35
12/27/14,7,10,11,14,36,15
12/24/14,11,12,46,47,50,22
12/20/14,14,15,19,31,56,5
12/17/14,22,31,38,47,48,15
12/13/14,5,13,28,43,55,33
12/10/14,34,44,48,54,55,10
12/6/14,12,15,22,43,49,14
12/3/14,25,30,32,46,54,26
11/29/14,13,24,30,42,48,27
11/26/14,16,17,22,46,54,35
11/22/14,23,49,53,54,57,35
11/19/14,6,36,38,48,51,17
11/15/14,13,16,33,35,51,28
11/12/14,37,39,51,52,55,11
11/8/14,9,19,33,38,54,15
11/5/14,2,11,19,21,42,34
11/1/14,1,3,13,25,38,17
10/29/14,25,28,48,57,59,16
10/25/14,6,10,51,54,57,12
10/22/14,29,30,40,42,50,16
10/18/14,20,26,27,36,54,19
10/15/14,5,7,19,27,28,20
10/11/14,10,19,37,38,39,28
10/8/14,5,16,31,46,50,18
10/4/14,13,18,24,25,33,31
10/1/14,1,4,18,20,45,7
9/27/14,2,11,35,52,54,13
9/24/14,7,14,21,24,41,26
9/20/14,22,23,30,37,39,16
9/17/14,18,25,36,48,50,23
9/13/14,1,6,16,37,53,27
9/10/14,2,14,39,40,43,13
9/6/14,9,29,31,43,50,18
9/3/14,2,16,43,45,51,35
8/30/14,5,28,31,52,59,27
8/27/14,17,24,26,45,46,19
8/23/14,28,32,35,36,52,31
8/20/14,4,8,21,38,40,3
8/16/14,7,8,17,48,59,9
8/13/14,8,37,39,40,52,24
8/9/14,3,12,31,34,51,24
8/6/14,1,8,24,28,49,24
8/2/14,12,26,44,46,47,29
7/30/14,13,30,42,49,53,29
7/26/14,24,28,30,38,39,16
7/23/14,4,10,12,22,31,3
7/19/14,10,17,25,45,53,9
7/16/14,5,15,18,26,32,35
7/12/14,2,3,7,23,51,26
7/9/14,9,25,42,55,57,14
7/5/14,24,34,36,57,58,11
7/2/14,8,18,45,53,58,35
6/28/14,8,12,34,43,56,9
6/25/14,10,20,25,50,53,35
6/21/14,5,6,37,41,54,26
6/18/14,6,9,29,52,59,7
6/14/14,9,33,42,45,54,30
6/11/14,14,18,25,33,49,23
6/7/14,28,30,35,58,59,15
6/4/14,1,7,10,22,49,24
5/31/14,15,27,31,34,48,1
5/28/14,2,24,28,32,59,25
5/24/14,15,16,28,49,55,18
5/21/14,4,20,34,39,58,31
5/17/14,23,32,39,47,49,22
5/14/14,7,33,39,52,55,33
5/10/14,4,31,41,47,55,1
5/7/14,17,29,31,48,49,34
5/3/14,5,15,16,46,49,26
4/30/14,2,9,11,19,50,32
4/26/14,3,7,22,30,33,20
4/23/14,19,25,29,36,48,12
4/19/14,5,6,29,35,51,21
4/16/14,34,39,42,44,59,8
4/12/14,14,26,45,54,55,20
4/9/14,9,14,44,48,49,29
4/5/14,11,21,26,33,34,29
4/2/14,8,13,19,22,53,24
3/29/14,2,3,12,27,38,17
3/26/14,28,33,41,44,59,21
3/22/14,13,28,31,55,58,15
3/19/14,2,19,23,34,43,14
3/15/14,2,5,34,51,58,9
3/12/14,14,15,28,37,54,10
3/8/14,10,14,24,32,41,30
3/5/14,3,7,9,26,54,19
3/1/14,3,8,25,30,47,13
2/26/14,11,12,17,38,42,2
2/22/14,2,3,13,14,54,4
2/19/14,1,17,35,49,54,34
2/15/14,2,9,14,21,23,3
2/12/14,36,44,49,52,57,1
2/8/14,24,25,34,37,54,29
2/5/14,8,17,32,57,59,24
2/1/14,5,12,15,27,38,7
1/29/14,11,23,28,32,47,20
1/25/14,8,12,18,55,57,2
1/22/14,1,2,7,9,55,29
1/18/14,13,14,19,31,38,25
1/15/14,7,8,9,24,29,25
1/11/14,10,15,33,48,54,34
1/8/14,10,28,39,47,58,22
1/4/14,19,20,37,41,58,14
1/1/14,15,24,40,48,52,23
12/28/13,8,35,44,51,56,18
12/25/13,23,28,38,39,56,32
12/21/13,25,36,40,45,51,8
12/18/13,7,24,37,39,40,1
12/14/13,14,25,32,33,41,34
12/11/13,1,10,13,18,19,27
12/7/13,13,20,32,45,48,17
12/4/13,6,9,11,31,44,25
11/30/13,5,26,44,45,57,29
11/27/13,18,25,50,55,57,17
11/23/13,5,12,43,52,55,10
11/20/13,4,18,23,32,45,7
11/16/13,10,29,37,44,59,10
11/13/13,5,31,50,55,56,9
11/9/13,3,9,37,49,56,32
11/6/13,1,5,10,15,49,22
11/2/13,13,23,24,27,40,17
10/30/13,2,36,40,49,54,10
10/26/13,4,6,34,49,56,29
10/23/13,3,23,31,34,47,13
10/19/13,9,33,54,56,57,5
10/16/13,3,26,28,34,42,28
10/12/13,8,10,26,57,58,4
10/9/13,3,9,19,33,38,18
10/5/13,11,12,17,39,40,5
10/2/13,4,6,25,42,51,17
9/28/13,14,47,52,53,54,5
9/25/13,2,7,17,49,53,23
9/21/13,12,17,45,54,58,13
9/18/13,7,10,22,32,35,19
9/14/13,1,17,25,37,44,20
9/11/13,11,19,33,42,52,33
9/7/13,2,19,22,26,45,24
9/4/13,2,9,26,45,47,11
8/31/13,2,7,25,40,56,20
8/28/13,6,7,9,19,32,13
8/24/13,12,17,25,45,59,19
8/21/13,30,40,42,46,48,23
8/17/13,18,21,46,54,56,23
8/14/13,4,11,17,43,51,20
8/10/13,4,12,14,37,58,13
8/7/13,5,25,30,58,59,32
8/3/13,21,24,36,42,45,15
7/31/13,8,24,39,49,59,5
7/27/13,9,23,40,53,58,6
7/24/13,9,29,40,44,54,7
7/20/13,14,25,27,38,58,6
7/17/13,1,22,34,38,42,17
7/13/13,2,8,22,35,37,6
7/10/13,30,31,45,55,59,27
7/6/13,2,13,35,36,52,11
7/3/13,3,6,29,40,51,4
6/29/13,8,28,30,53,56,16
6/26/13,1,18,33,39,46,33
6/22/13,13,19,23,33,57,28
6/19/13,7,46,47,52,57,17
6/15/13,28,36,40,48,55,1
6/12/13,16,22,23,42,55,32
6/8/13,2,11,22,26,32,19
6/5/13,4,26,33,36,55,32
6/1/13,22,28,33,53,59,14
5/29/13,9,14,17,49,57,2
5/25/13,2,6,19,21,27,25
5/22/13,9,31,35,41,57,26
5/18/13,10,13,14,22,52,11
5/15/13,2,11,26,34,41,32
5/11/13,6,13,19,23,43,16
5/8/13,21,22,26,30,57,27
5/4/13,7,12,26,36,40,17
5/1/13,22,26,31,54,55,18
4/27/13,3,23,48,54,55,5
4/24/13,9,19,31,56,59,2
4/20/13,6,8,30,39,48,20
4/17/13,13,18,36,48,58,28
4/13/13,10,12,31,56,57,33
4/10/13,1,36,40,52,53,20
4/6/13,4,7,8,29,39,24
4/3/13,1,6,8,12,35,3
3/30/13,11,23,26,46,55,27
3/27/13,7,37,43,48,52,16
3/23/13,17,29,31,52,53,31
3/20/13,13,14,17,43,54,15
3/16/13,3,7,21,44,53,16
3/13/13,5,9,28,32,38,29
3/9/13,10,37,40,46,52,12
3/6/13,6,10,23,41,45,1
3/2/13,3,8,13,41,56,16
2/27/13,3,14,20,34,48,21
2/23/13,2,5,31,39,41,29
2/20/13,3,17,19,25,32,17
2/16/13,15,16,46,50,58,29
2/13/13,12,23,25,27,43,29
2/9/13,5,6,16,36,58,3
2/6/13,5,27,36,38,41,12
2/2/13,11,16,33,40,41,34
1/30/13,14,16,32,47,52,16
1/26/13,3,22,26,41,49,18
1/23/13,11,12,24,43,45,9
1/19/13,8,28,29,34,38,35
1/16/13,9,21,28,32,51,35
1/12/13,10,14,21,23,47,7
1/9/13,11,13,20,27,59,26
1/5/13,26,30,49,51,54,25
1/2/13,18,20,28,35,53,20
12/29/12,36,46,50,52,55,14
12/26/12,11,13,23,43,54,4
12/22/12,1,18,35,39,44,11
12/19/12,5,8,20,23,30,3
12/15/12,15,23,40,44,55,14
12/12/12,8,10,25,36,44,28
12/8/12,7,23,26,40,53,21
12/5/12,13,17,19,27,38,12
12/1/12,3,10,19,36,46,3
11/28/12,5,16,22,23,29,6
11/24/12,22,32,37,44,50,34
11/21/12,8,18,24,30,39,26
11/17/12,3,15,27,58,59,20
11/14/12,8,10,30,44,58,13
11/10/12,32,42,50,54,55,32
11/7/12,32,34,45,52,58,20
11/3/12,4,7,9,30,54,25
10/31/12,1,27,31,45,48,5
10/27/12,22,32,34,36,56,33
10/24/12,3,18,21,23,50,4
10/20/12,4,21,28,31,44,10
10/17/12,1,7,10,23,42,35
10/13/12,2,5,25,26,49,18
10/10/12,18,26,29,35,43,28
10/6/12,15,26,34,36,59,35
10/3/12,17,23,36,55,59,10
9/29/12,14,18,28,29,57,8
9/26/12,13,26,39,41,42,10
9/22/12,2,16,18,40,42,33
9/19/12,1,5,8,39,50,23
9/15/12,3,20,26,43,48,1
9/12/12,24,33,36,48,56,6
9/8/12,6,20,34,44,48,29
9/5/12,4,19,26,42,51,29
9/1/12,8,11,21,44,49,22
8/29/12,25,28,49,54,56,28
8/25/12,1,6,7,20,49,23
8/22/12,22,29,31,47,55,19
8/18/12,14,26,41,55,59,1
8/15/12,6,27,46,51,56,21
8/11/12,4,13,39,46,51,1
8/8/12,3,7,11,15,28,12
8/4/12,19,30,48,53,55,18
8/1/12,3,16,48,56,58,4
7/28/12,5,6,13,36,50,13
7/25/12,3,14,35,38,46,16
7/21/12,9,31,38,54,56,20
7/18/12,2,5,20,23,57,3
7/14/12,4,16,32,37,46,13
7/11/12,5,22,36,49,55,23
7/7/12,3,5,29,39,59,29
7/4/12,14,19,35,39,56,33
6/30/12,7,15,20,41,44,22
6/27/12,6,34,40,46,58,6
6/23/12,1,3,41,44,53,30
6/20/12,11,17,29,56,57,14
6/16/12,8,14,15,16,27,26
6/13/12,7,10,14,33,57,18
6/9/12,18,22,45,56,57,27
6/6/12,19,30,33,48,59,27
6/2/12,9,10,17,29,45,33
5/30/12,9,10,24,52,56,14
5/26/12,13,14,41,49,59,14
5/23/12,4,7,26,53,59,32
5/19/12,8,13,35,46,51,30
5/16/12,3,7,21,28,43,2
5/12/12,10,24,35,53,58,22
5/9/12,1,7,11,55,56,1
5/5/12,9,12,20,44,59,23
5/2/12,7,8,33,38,50,29
4/28/12,31,39,40,57,58,33
4/25/12,4,25,29,34,43,29
4/21/12,6,8,20,42,51,16
4/18/12,20,22,39,46,49,29
4/14/12,14,15,16,19,24,2
4/11/12,16,23,42,44,47,2
4/7/12,5,13,17,20,30,18
4/4/12,1,24,33,45,49,6
3/31/12,5,14,36,54,58,27
3/28/12,11,16,29,50,58,33
3/24/12,1,15,35,37,47,8
3/21/12,32,43,53,55,56,6
3/17/12,11,14,49,55,58,30
3/14/12,1,8,41,46,59,24
3/10/12,5,14,17,20,41,5
3/7/12,12,35,45,46,47,12
3/3/12,29,30,45,47,49,35
2/29/12,1,4,11,23,26,14
2/25/12,6,11,42,53,54,7
2/22/12,7,16,17,39,51,32
2/18/12,23,28,50,56,59,5
2/15/12,11,12,32,52,56,11
2/11/12,1,10,37,52,57,11
2/8/12,17,28,38,39,51,33
2/4/12,15,23,43,45,56,7
2/1/12,8,13,17,34,59,35
1/28/12,5,33,41,54,59,13
1/25/12,4,19,28,29,47,5
1/21/12,12,24,43,44,45,7
1/18/12,6,29,34,44,50,28
1/14/12,10,30,36,38,41,1
1/11/12,5,19,29,45,47,25
1/7/12,3,21,24,38,39,24
1/4/12,21,35,46,47,50,2
12/31/11,5,23,25,28,40,34
12/28/11,16,21,27,41,45,14
12/24/11,14,16,30,51,52,19
12/21/11,10,13,15,31,54,18
12/17/11,13,28,49,51,59,33
12/14/11,2,24,46,52,56,19
12/10/11,4,19,33,41,59,9
12/7/11,3,14,20,39,40,37
12/3/11,5,18,33,43,45,8
11/30/11,2,6,34,35,47,22
11/26/11,20,37,39,45,55,28
11/23/11,4,30,35,57,59,25
11/19/11,9,16,17,28,30,11
11/16/11,13,22,25,39,51,28
11/12/11,4,35,36,51,56,8
11/9/11,5,35,57,58,59,12
11/5/11,2,33,39,40,43,26
11/2/11,12,14,34,39,46,36
10/29/11,11,16,40,51,56,38
10/26/11,1,18,21,39,55,6
10/22/11,3,8,23,30,58,13
10/19/11,16,26,35,52,58,2
10/15/11,5,10,24,38,43,1
10/12/11,10,12,23,43,47,18
10/8/11,3,27,35,37,45,31
10/5/11,7,20,43,46,54,17
10/1/11,1,12,23,27,43,31
9/28/11,30,41,50,51,53,8
9/24/11,3,4,12,27,44,26
9/21/11,12,47,48,52,55,13
9/17/11,6,20,22,32,43,11
9/14/11,16,41,42,50,59,5
9/10/11,4,19,22,32,53,24
9/7/11,3,5,18,27,54,13
9/3/11,15,25,52,53,54,2
8/31/11,13,19,35,47,57,29
8/27/11,2,12,25,54,58,14
8/24/11,9,13,47,49,53,39
8/20/11,2,17,23,28,47,36
8/17/11,18,28,31,48,52,37
8/13/11,9,12,35,50,58,4
8/10/11,11,18,36,41,46,38
8/6/11,25,30,54,57,59,6
8/3/11,13,19,21,28,49,11
7/30/11,20,40,41,47,55,19
7/27/11,38,40,41,51,59,33
7/23/11,1,7,27,38,48,30
7/20/11,1,4,38,40,42,17
7/16/11,24,28,48,50,54,25
7/13/11,8,18,19,32,54,8
7/9/11,1,9,11,23,31,6
7/6/11,11,15,24,50,55,8
7/2/11,1,11,18,29,51,32
6/29/11,24,30,45,57,59,26
6/25/11,18,36,39,41,57,12
6/22/11,12,15,19,46,59,12
6/18/11,12,21,22,38,41,18
6/15/11,19,20,38,41,43,29
6/11/11,16,18,27,36,50,8
6/8/11,14,37,44,45,53,29
6/4/11,17,19,39,41,58,21
6/1/11,8,18,38,46,56,31
5/28/11,12,20,43,51,55,11
5/25/11,4,23,31,42,50,23
5/21/11,2,8,40,49,50,36
5/18/11,7,12,13,42,49,16
5/14/11,8,17,18,40,44,16
5/11/11,9,17,32,43,45,31
5/7/11,2,11,27,47,55,15
5/4/11,3,15,27,29,41,24
4/30/11,6,13,15,32,41,3
4/27/11,4,24,40,44,55,5
4/23/11,3,11,47,48,58,19
4/20/11,9,24,34,36,43,27
4/16/11,21,33,44,45,55,7
4/13/11,4,23,39,49,50,39
4/9/11,5,14,32,53,56,11
4/6/11,10,18,41,55,56,15
4/2/11,6,22,34,43,45,23
3/30/11,19,20,42,56,58,37
3/26/11,4,10,11,19,33,27
3/23/11,5,15,26,28,32,9
3/19/11,3,11,20,27,46,8
3/16/11,28,39,40,48,53,9
3/12/11,1,4,12,41,47,3
3/9/11,12,20,28,40,48,8
3/5/11,2,23,31,42,48,21
3/2/11,7,31,50,51,58,6
2/26/11,15,37,41,56,59,5
2/23/11,29,32,36,39,49,29
2/19/11,3,12,34,37,42,36
2/16/11,9,13,21,23,48,24
2/12/11,11,32,36,48,52,19
2/9/11,7,11,39,42,51,30
2/5/11,15,37,41,56,59,5
2/2/11,3,14,33,53,57,36
1/29/11,24,28,45,49,52,2
1/26/11,4,5,36,47,58,6
1/22/11,30,31,34,45,51,23
1/19/11,22,36,51,56,59,32
1/15/11,9,13,22,23,37,31
1/12/11,19,21,23,40,48,27
1/8/11,6,7,26,33,52,24
1/5/11,22,26,32,38,40,7
1/1/11,18,22,37,47,54,36
12/29/10,3,16,18,20,37,30
12/25/10,1,17,38,50,52,24
12/22/10,11,33,44,46,47,12
12/18/10,4,11,19,33,43,14
12/15/10,10,11,18,32,45,18
12/11/10,1,8,10,19,20,23
12/8/10,8,11,25,41,58,16
12/4/10,13,24,27,31,42,22
12/1/10,5,10,11,12,20,2
11/27/10,10,30,37,47,54,39
11/24/10,8,20,21,32,37,4
11/20/10,10,12,38,53,57,1
11/17/10,14,16,53,54,59,5
11/13/10,17,30,48,51,54,29
11/10/10,5,8,11,40,44,10
11/6/10,7,12,23,34,38,33
11/3/10,34,38,39,45,50,33
10/30/10,1,7,27,36,49,39
10/27/10,20,24,25,53,59,15
10/23/10,2,7,16,20,46,34
10/20/10,7,17,20,39,59,17
10/16/10,11,12,15,16,28,11
10/13/10,12,22,32,34,46,2
10/9/10,2,6,32,42,49,35
10/6/10,14,26,37,41,46,24
10/2/10,12,20,30,36,47,25
9/29/10,13,44,51,52,55,30
9/25/10,8,16,27,35,42,30
9/22/10,10,24,36,52,55,15
9/18/10,1,18,37,39,44,13
9/15/10,7,20,21,34,43,34
9/11/10,7,17,20,36,59,33
9/8/10,10,35,39,51,57,20
9/4/10,11,14,22,33,42,38
9/1/10,17,20,21,40,51,19
8/28/10,4,22,27,32,56,13
8/25/10,16,17,29,31,36,23
8/21/10,7,10,12,22,27,26
8/18/10,4,32,33,47,55,39
8/14/10,9,33,36,50,58,31
8/11/10,7,10,22,23,52,29
8/7/10,4,22,26,31,52,30
8/4/10,19,28,30,37,53,36
7/31/10,1,16,17,41,57,15
7/28/10,1,11,20,25,27,2
7/24/10,20,30,38,46,59,27
7/21/10,16,22,30,51,58,25
7/17/10,22,27,35,37,45,3
7/14/10,20,21,23,38,42,6
7/10/10,20,21,27,28,56,4
7/7/10,10,41,44,48,56,4
7/3/10,3,10,14,52,53,3
6/30/10,6,38,43,47,48,27
6/26/10,13,30,32,38,57,25
6/23/10,11,30,45,47,48,10
6/19/10,9,30,31,50,54,39
6/16/10,8,11,18,29,36,6
6/12/10,9,12,13,35,38,30
6/9/10,14,22,27,32,49,5
6/5/10,18,34,40,48,59,25
6/2/10,4,9,14,39,43,38
5/29/10,1,3,24,28,41,10
5/26/10,1,6,10,13,20,32
5/22/10,19,20,40,47,57,29
5/19/10,2,7,29,55,58,27
5/15/10,15,21,23,28,36,20
5/12/10,37,51,52,53,58,38
5/8/10,5,22,34,41,57,31
5/5/10,13,34,40,47,57,11
5/1/10,16,23,25,49,58,20
4/28/10,12,22,25,28,44,24
4/24/10,1,12,53,56,57,5
4/21/10,11,34,41,49,55,20
4/17/10,5,21,22,41,49,15
4/14/10,6,14,32,38,52,20
4/10/10,21,22,49,52,58,34
4/7/10,4,36,40,44,52,33
4/3/10,10,15,31,52,59,4
3/31/10,5,13,17,45,54,12
3/27/10,7,21,32,44,52,10
3/24/10,14,20,24,39,49,7
3/20/10,9,36,39,44,45,9
3/17/10,24,26,45,48,55,8
3/13/10,6,16,20,31,36,8
3/10/10,17,21,37,41,50,1
3/6/10,10,29,33,41,59,15
3/3/10,7,9,14,45,49,23
2/27/10,18,47,51,53,58,30
2/24/10,4,17,35,50,57,12
2/20/10,13,27,37,41,54,32
2/17/10,7,8,19,26,36,15
2/13/10,10,14,30,40,51,1
2/10/10,5,8,29,37,38,34
2/6/10,14,22,52,54,59,4
2/3/10,6,19,35,37,46,24
1/30/10,6,26,35,47,48,21
1/27/10,6,15,20,26,31,9
1/23/10,15,16,20,42,53,17
1/20/10,15,32,43,44,46,19
1/16/10,7,8,23,41,55,23
1/13/10,8,11,15,32,50,27
1/9/10,20,41,44,50,54,22
1/6/10,20,27,29,56,58,31
1/2/10,3,7,23,27,42,37
12/30/09,5,14,38,39,52,6
12/26/09,32,36,37,41,53,30
12/23/09,8,32,49,51,52,23
12/19/09,17,24,39,41,47,21
12/16/09,13,23,25,35,43,15
12/12/09,12,13,14,35,41,29
12/9/09,1,5,12,13,58,21
12/5/09,27,39,41,44,58,17
12/2/09,14,34,37,46,55,37
11/28/09,26,27,28,46,50,21
11/25/09,4,13,18,49,59,5
11/21/09,7,26,36,49,58,4
11/18/09,32,42,50,58,59,31
11/14/09,19,30,32,48,57,14
11/11/09,8,12,14,22,29,22
11/7/09,7,32,37,46,50,26
11/4/09,10,11,14,45,51,17
10/31/09,2,19,26,41,54,23
10/28/09,3,11,26,46,51,23
10/24/09,14,22,38,49,59,16
10/21/09,6,16,34,45,51,4
10/17/09,5,16,25,30,49,39
10/14/09,5,15,25,30,40,6
10/10/09,13,32,45,49,50,30
10/7/09,2,20,21,38,50,22
10/3/09,12,24,48,50,57,22
9/30/09,41,42,52,54,57,30
9/26/09,18,20,34,36,39,19
9/23/09,7,8,20,25,29,11
9/19/09,5,24,25,30,49,23
9/16/09,17,37,40,51,56,25
9/12/09,13,28,38,41,56,25
9/9/09,4,16,18,51,53,23
9/5/09,9,16,27,35,57,29
9/2/09,18,23,36,47,59,36
8/29/09,1,20,37,52,53,33
8/26/09,1,21,23,30,43,11
8/22/09,3,6,20,32,51,23
8/19/09,14,24,31,43,51,27
8/15/09,14,15,26,32,36,12
8/12/09,10,25,32,34,47,5
8/8/09,4,33,37,45,50,11
8/5/09,25,34,41,46,49,29
8/1/09,5,37,39,46,53,8
7/29/09,2,5,38,43,59,8
7/25/09,5,17,33,46,52,9
7/22/09,4,6,16,22,32,11
7/18/09,4,21,26,28,47,37
7/15/09,26,50,51,52,57,37
7/11/09,1,4,20,39,42,2
7/8/09,19,42,50,53,56,39
7/4/09,4,9,22,41,44,14
7/1/09,9,32,38,52,53,15
6/27/09,18,22,26,39,48,17
6/24/09,16,18,24,51,53,16
6/20/09,3,11,18,22,28,33
6/17/09,5,9,37,42,53,27
6/13/09,13,16,20,35,41,6
6/10/09,15,26,27,42,58,37
6/6/09,10,18,23,30,45,2
6/3/09,16,20,22,32,37,9
5/30/09,1,23,42,51,59,20
5/27/09,5,6,12,16,21,7
5/23/09,19,23,34,52,57,21
5/20/09,23,30,31,35,42,6
5/16/09,6,7,31,40,56,38
5/13/09,19,30,32,37,40,37
5/9/09,4,15,32,49,58,21
5/6/09,7,8,12,22,31,18
5/2/09,3,20,38,42,45,27
4/29/09,6,19,36,50,59,13
4/25/09,8,26,30,42,52,15
4/22/09,15,22,30,37,48,12
4/18/09,7,15,28,43,44,20
4/15/09,16,22,26,27,59,5
4/11/09,7,28,35,46,49,20
4/8/09,1,6,48,52,56,9
4/4/09,14,21,50,57,58,7
4/1/09,2,9,33,41,54,14
3/28/09,2,3,16,41,48,19
3/25/09,10,20,23,47,54,26
3/21/09,19,23,27,49,52,21
3/18/09,16,26,29,41,45,1
3/14/09,7,30,33,44,51,10
3/11/09,3,7,13,34,47,30
3/7/09,21,27,28,56,59,21
3/4/09,1,6,44,49,55,36
2/28/09,3,16,20,42,58,7
2/25/09,17,32,42,49,56,11
2/21/09,13,31,41,45,46,21
2/18/09,2,15,39,44,56,15
2/14/09,2,8,9,33,45,5
2/11/09,5,10,22,45,49,37
2/7/09,5,18,20,28,53,27
2/4/09,7,24,30,32,44,18
1/31/09,1,14,26,33,41,37
1/28/09,5,10,18,23,32,4
1/24/09,6,20,25,37,42,25
1/21/09,20,26,38,46,54,23
1/17/09,2,5,9,23,59,26
1/14/09,8,25,34,39,46,34
1/10/09,8,10,18,43,56,9
1/7/09,23,31,33,38,52,24